"Status","Start Time","Stop Time","Duration in ms","Parent Suite","Suite","Sub Suite","Test Class","Test Method","Name","Description"
"passed","Tue Oct 20 01:32:19 CST 2020","Tue Oct 20 01:32:19 CST 2020","0","","test_calc","TestCalc","","","test_minus_float[0.1-0.3--0.2]",""
"passed","Tue Oct 20 01:32:19 CST 2020","Tue Oct 20 01:32:19 CST 2020","0","","test_calc","TestCalc","","","test_multiple[0-0-0]",""
"passed","Tue Oct 20 01:32:19 CST 2020","Tue Oct 20 01:32:19 CST 2020","0","","test_calc","TestCalc","","","test_minus[-1--1-0]",""
"passed","Tue Oct 20 01:32:19 CST 2020","Tue Oct 20 01:32:19 CST 2020","0","","test_calc","TestCalc","","","test_minus_float[0.9-0.1-0.8]",""
"passed","Tue Oct 20 01:32:19 CST 2020","Tue Oct 20 01:32:19 CST 2020","0","","test_calc","TestCalc","","","test_multiple[-1-8--8]",""
"passed","Tue Oct 20 01:32:19 CST 2020","Tue Oct 20 01:32:19 CST 2020","0","","test_calc","TestCalc","","","test_multiple[0.98-0.234-0.22932]",""
"passed","Tue Oct 20 01:32:19 CST 2020","Tue Oct 20 01:32:19 CST 2020","1","","test_calc","TestCalc","","","test_minus[3-1-2]",""
"passed","Tue Oct 20 01:32:19 CST 2020","Tue Oct 20 01:32:19 CST 2020","1","","test_calc","TestCalc","","","test_multiple[-9--9-81]",""
"passed","Tue Oct 20 01:32:19 CST 2020","Tue Oct 20 01:32:19 CST 2020","1","","test_calc","TestCalc","","","test_add[1-0-1]",""
"passed","Tue Oct 20 01:32:19 CST 2020","Tue Oct 20 01:32:19 CST 2020","1","","test_calc","TestCalc","","","test_add_float[0.99-0.123-1.113]","根据小数的的最高位来确定最终结果的小数位数，多余位数四舍五入"
"passed","Tue Oct 20 01:32:19 CST 2020","Tue Oct 20 01:32:19 CST 2020","0","","test_calc","TestCalc","","","test_multiple[0.7-0.9-0.63]",""
"passed","Tue Oct 20 01:32:19 CST 2020","Tue Oct 20 01:32:19 CST 2020","1","","test_calc","TestCalc","","","test_divide_divisor_is_zero[1-0]",""
"passed","Tue Oct 20 01:32:19 CST 2020","Tue Oct 20 01:32:19 CST 2020","0","","test_calc","TestCalc","","","test_divide[-1--1-1]",""
"passed","Tue Oct 20 01:32:19 CST 2020","Tue Oct 20 01:32:19 CST 2020","0","","test_calc","TestCalc","","","test_minus[1000-99-901]",""
"passed","Tue Oct 20 01:32:19 CST 2020","Tue Oct 20 01:32:19 CST 2020","0","","test_calc","TestCalc","","","test_minus[1-2--1]",""
"passed","Tue Oct 20 01:32:19 CST 2020","Tue Oct 20 01:32:19 CST 2020","0","","test_calc","TestCalc","","","test_add[100-200-300]",""
"passed","Tue Oct 20 01:32:19 CST 2020","Tue Oct 20 01:32:19 CST 2020","0","","test_calc","TestCalc","","","test_divide[1-3-0.3333333333333333]",""
"passed","Tue Oct 20 01:32:19 CST 2020","Tue Oct 20 01:32:19 CST 2020","0","","test_calc","TestCalc","","","test_multiple[-0.99--976-966.24]",""
"passed","Tue Oct 20 01:32:19 CST 2020","Tue Oct 20 01:32:19 CST 2020","0","","test_calc","TestCalc","","","test_divide[1-7-0.1428571428571429]",""
"passed","Tue Oct 20 01:32:19 CST 2020","Tue Oct 20 01:32:19 CST 2020","0","","test_calc","TestCalc","","","test_multiple[1-1-1]",""
"passed","Tue Oct 20 01:32:19 CST 2020","Tue Oct 20 01:32:19 CST 2020","0","","test_calc","TestCalc","","","test_add[1-2-3]",""
"passed","Tue Oct 20 01:32:19 CST 2020","Tue Oct 20 01:32:19 CST 2020","0","","test_calc","TestCalc","","","test_multiple[99-99-9801]",""
"passed","Tue Oct 20 01:32:19 CST 2020","Tue Oct 20 01:32:19 CST 2020","1","","test_calc","TestCalc","","","test_add_float[0.3-0.6-0.9]","根据小数的的最高位来确定最终结果的小数位数，多余位数四舍五入"
"passed","Tue Oct 20 01:32:19 CST 2020","Tue Oct 20 01:32:19 CST 2020","0","","test_calc","TestCalc","","","test_multiple[0-1-0]",""
"passed","Tue Oct 20 01:32:19 CST 2020","Tue Oct 20 01:32:19 CST 2020","1","","test_calc","TestCalc","","","test_add[0-0-0]",""
"passed","Tue Oct 20 01:32:19 CST 2020","Tue Oct 20 01:32:19 CST 2020","1","","test_calc","TestCalc","","","test_divide[0-1-0]",""
"passed","Tue Oct 20 01:32:19 CST 2020","Tue Oct 20 01:32:19 CST 2020","0","","test_calc","TestCalc","","","test_minus[0-99--99]",""
"passed","Tue Oct 20 01:32:19 CST 2020","Tue Oct 20 01:32:19 CST 2020","0","","test_calc","TestCalc","","","test_multiple[99999-999-99899001]",""
"passed","Tue Oct 20 01:32:19 CST 2020","Tue Oct 20 01:32:19 CST 2020","0","","test_calc","TestCalc","","","test_divide[4-2-2]",""
"passed","Tue Oct 20 01:32:19 CST 2020","Tue Oct 20 01:32:19 CST 2020","0","","test_calc","TestCalc","","","test_divide[1-1-1]",""
"passed","Tue Oct 20 01:32:19 CST 2020","Tue Oct 20 01:32:19 CST 2020","1","","test_calc","TestCalc","","","test_divide[1-2-0.5]",""
